pwm,m1,m2,m3,m4,mean
1,0.0,0.0,0.0,0.0,0.0
2,0.0,0.0,0.0,0.0,0.0
3,0.0,0.0,0.0,0.0,0.0
4,0.0,0.0,0.0,0.0,0.0
5,0.0,0.0,0.0,0.0,0.0
6,0.0,0.0,0.0,0.0,0.0
7,0.0,0.0,0.0,0.0,0.0
8,0.0,0.0,0.0,0.0,0.0
9,1.288543,1.47262,1.288543,0.920388,1.242523
10,2.945241,3.313396,3.497473,3.129318,3.221357
11,4.786016,4.970094,5.338249,4.970094,5.016113
12,6.626791,6.994946,7.179024,6.810869,6.902908
13,8.467567,8.835722,9.203877,8.651644,8.789702
14,10.308342,10.860575,11.044652,10.676497,10.722517
15,12.333195,12.70135,12.885428,12.70135,12.655331
16,14.173971,14.173971,14.542126,14.173971,14.266009
17,15.830668,16.382901,16.935134,15.830668,16.244843
18,17.855521,18.223676,18.775909,18.039599,18.223676
19,19.696297,20.432607,20.432607,19.880374,20.110471
20,21.72115,22.273382,22.641537,22.089305,22.181343
21,23.561925,24.114158,24.482313,23.93008,24.022119
22,25.4027,26.323088,26.875321,25.770855,26.092991
23,27.427553,28.163863,28.532019,27.795708,27.979786
24,29.636484,30.372794,30.740949,30.004639,30.188716
25,31.661337,32.581724,33.133957,32.029492,32.351627
26,33.502112,34.4225,34.974732,34.054345,34.238422
27,35.711043,36.815508,37.183663,35.711043,36.355314
28,37.36774,38.840361,39.024438,37.919973,38.288128
29,39.576671,41.049291,41.417446,40.312981,40.589097
30,41.785601,43.074144,43.074144,42.521912,42.61395
31,43.810454,44.730842,45.65123,43.994532,44.546764
32,45.835307,46.939772,47.86016,46.203462,46.709676
33,47.86016,49.33278,49.516858,48.228315,48.734528
34,49.885013,51.541711,51.725788,50.437246,50.89744
35,51.909866,53.750641,54.118796,52.462099,53.060351
36,53.934719,55.775494,56.511804,54.855107,55.269281
37,55.959572,57.61627,57.984425,56.511804,57.018018
38,57.984425,60.009278,60.56151,59.08889,59.411026
39,60.009278,62.034131,62.218208,61.113743,61.34384
40,62.034131,63.874906,64.795294,63.506751,63.55277
41,64.243061,66.267914,66.451992,65.347526,65.577623
42,66.451992,68.292767,68.845,67.556457,67.786554
43,68.292767,70.133542,71.05393,69.397232,69.719368
44,70.31762,72.158395,72.710628,70.869853,71.514124
45,72.52655,73.999171,74.735481,73.262861,73.631016
46,74.551403,76.392179,77.312566,75.471791,75.931985
47,76.392179,78.601109,78.785187,77.312566,77.77276
48,78.417032,80.073729,81.362272,78.969264,79.705574
49,80.257807,82.28266,82.650815,80.81004,81.50033
50,81.914505,84.49159,85.043823,82.650815,83.525183
51,84.123435,86.332366,86.884598,85.227901,85.642075
52,85.964211,88.357219,88.909451,87.252754,87.620909
53,87.804986,90.382072,90.566149,88.541296,89.323626
54,89.645762,92.222847,92.591002,90.382072,91.210421
55,91.670614,93.327312,94.615855,92.406925,93.005177
56,93.695467,95.72032,96.640708,94.615855,95.168088
57,95.536243,97.745173,98.481483,95.904398,96.916824
58,97.377018,99.401871,99.954104,97.377018,98.527503
59,99.033716,101.242646,102.163034,99.585949,100.506336
60,100.690414,103.451577,103.635654,101.242646,102.255073
61,102.531189,104.74012,105.660507,103.635654,104.141868
62,104.187887,106.396818,107.501283,105.292352,105.844585
63,106.028662,108.053515,109.710213,106.764973,107.639341
64,107.869438,110.078368,110.814679,108.789826,109.388078
65,108.789826,112.103221,113.207687,110.814679,111.228853
66,110.814679,113.759919,115.232539,112.471376,113.069628
67,112.103221,115.048462,116.337005,113.759919,114.312152
68,113.391764,116.889237,118.361858,115.416617,116.014869
69,116.337005,118.91409,120.202633,117.257392,118.17778
70,116.70516,120.386711,121.307098,118.91409,119.328265
-1,0.0,0.0,0.0,0.0,0.0
-2,0.0,0.0,0.0,0.0,0.0
-3,0.0,0.0,0.0,0.0,0.0
-4,0.0,0.0,0.0,0.0,0.0
-5,0.0,0.0,0.0,0.0,0.0
-6,0.0,0.0,0.0,0.0,0.0
-7,0.0,0.0,0.0,0.0,0.0
-8,0.0,0.0,0.0,0.0,0.0
-9,-1.104465,-1.104465,-1.47262,-0.920388,-1.150485
-10,-2.945241,-3.129318,-3.313396,-2.945241,-3.083299
-11,-4.786016,-5.154171,-5.338249,-4.786016,-5.016113
-12,-6.626791,-6.994946,-7.179024,-6.810869,-6.902908
-13,-8.467567,-8.835722,-9.019799,-8.651644,-8.743683
-14,-10.308342,-10.860575,-11.044652,-10.49242,-10.676497
-15,-12.333195,-12.517273,-13.069505,-12.333195,-12.563292
-16,-13.989893,-13.989893,-14.542126,-13.989893,-14.127951
-17,-15.830668,-16.382901,-16.935134,-16.198823,-16.336882
-18,-17.671444,-18.407754,-18.591831,-17.855521,-18.131638
-19,-19.696297,-20.064452,-20.432607,-20.064452,-20.064452
-20,-21.72115,-22.089305,-22.641537,-21.905227,-22.089305
-21,-23.561925,-24.298235,-24.482313,-23.746003,-24.022119
-22,-25.586778,-25.954933,-26.875321,-26.139011,-26.139011
-23,-27.243476,-27.979786,-28.532019,-27.979786,-27.933767
-24,-29.452406,-30.188716,-30.740949,-29.820561,-30.050658
-25,-31.477259,-32.213569,-32.765802,-32.029492,-32.121531
-26,-33.502112,-34.238422,-34.790655,-33.870267,-34.100364
-27,-35.711043,-36.447353,-37.183663,-36.263275,-36.401333
-28,-37.551818,-38.472206,-38.840361,-37.919973,-38.196089
-29,-39.576671,-40.128904,-41.233369,-40.128904,-40.266962
-30,-41.601524,-42.521912,-43.258222,-42.337834,-42.429873
-31,-43.626377,-44.730842,-45.65123,-44.362687,-44.592784
-32,-45.467152,-46.939772,-47.676083,-46.755695,-46.709676
-33,-47.676083,-48.59647,-49.516858,-48.412393,-48.550451
-34,-49.700936,-50.805401,-51.725788,-50.621323,-50.713362
-35,-51.725788,-52.830254,-54.118796,-52.462099,-52.784234
-36,-54.118796,-55.223262,-56.327727,-55.039184,-55.177242
-37,-55.959572,-57.248115,-58.168502,-57.248115,-57.156076
-38,-58.168502,-59.457045,-60.56151,-58.904812,-59.272968
-39,-60.377433,-61.481898,-62.402286,-61.113743,-61.34384
-40,-62.586363,-63.322673,-64.795294,-63.506751,-63.55277
-41,-64.427139,-65.163449,-66.451992,-65.531604,-65.393546
-42,-66.267914,-67.556457,-68.845,-67.556457,-67.556457
-43,-68.108689,-69.397232,-71.05393,-69.58131,-69.53529
-44,-70.133542,-71.79024,-72.710628,-71.05393,-71.422085
-45,-72.158395,-73.262861,-74.551403,-73.631016,-73.400919
-46,-74.183248,-75.655869,-77.312566,-75.655869,-75.701888
-47,-76.392179,-77.128489,-79.337419,-77.496644,-77.588683
-48,-78.048877,-79.705574,-81.362272,-78.969264,-79.521497
-49,-80.257807,-81.362272,-83.203048,-81.54635,-81.592369
-50,-82.098582,-83.571203,-84.859746,-83.387125,-83.479164
-51,-83.387125,-85.227901,-86.700521,-85.043823,-85.089842
-52,-85.964211,-87.068676,-88.725374,-86.700521,-87.114695
-53,-87.804986,-89.093529,-90.934304,-88.909451,-89.185568
-54,-89.645762,-91.118382,-92.77508,-90.934304,-91.118382
-55,-91.854692,-92.77508,-94.615855,-92.222847,-92.867118
-56,-93.51139,-94.98401,-95.904398,-94.431778,-94.707894
-57,-95.352165,-96.45663,-98.297406,-96.824786,-96.732747
-58,-97.192941,-98.113328,-100.690414,-97.745173,-98.435464
-59,-98.481483,-100.322259,-102.163034,-100.506336,-100.368278
-60,-100.874491,-101.978957,-104.00381,-101.610802,-102.117015
-61,-101.978957,-104.00381,-106.028662,-103.819732,-103.95779
-62,-103.819732,-105.292352,-107.501283,-105.47643,-105.522449
-63,-106.21274,-106.94905,-109.526136,-107.317205,-107.501283
-64,-107.869438,-109.157981,-111.182834,-108.789826,-109.250019
-65,-107.68536,-110.446523,-113.207687,-110.630601,-110.492543
-66,-109.342058,-112.655454,-115.048462,-111.550989,-112.149241
-67,-112.655454,-113.759919,-116.337005,-114.128074,-114.220113
-68,-114.128074,-116.152927,-118.17778,-115.784772,-116.060888
-69,-116.337005,-117.625547,-120.018555,-117.44147,-117.855644
-70,-117.44147,-118.91409,-121.859331,-119.098168,-119.328265
1,0.0,0.0,0.0,0.0,0.0
2,0.0,0.0,0.0,0.0,0.0
3,0.0,0.0,0.0,0.0,0.0
4,0.0,0.0,0.0,0.0,0.0
5,0.0,0.0,0.0,0.0,0.0
6,0.0,0.0,0.0,0.0,0.0
7,0.0,0.0,0.0,0.0,0.0
8,0.0,0.0,0.0,0.0,0.0
9,1.104465,1.288543,1.47262,0.920388,1.196504
10,2.945241,3.313396,3.313396,2.945241,3.129318
11,4.601938,5.154171,5.338249,4.786016,4.970094
12,6.442714,6.994946,7.363102,6.626791,6.856888
13,8.283489,9.019799,9.203877,8.651644,8.789702
14,10.308342,10.676497,11.22873,10.676497,10.722517
15,12.333195,12.70135,13.069505,12.517273,12.655331
16,13.805815,14.358048,14.726203,13.989893,14.21999
17,15.830668,16.198823,16.566979,15.830668,16.106785
18,17.671444,18.223676,18.407754,17.855521,18.039599
19,19.696297,20.064452,20.800762,19.880374,20.110471
20,21.72115,22.273382,22.641537,21.905227,22.135324
21,23.561925,23.93008,24.850468,23.746003,24.022119
22,25.4027,26.323088,26.691243,25.770855,26.046972
23,27.427553,28.163863,28.716096,27.795708,28.025805
24,29.268329,30.372794,30.740949,30.004639,30.096678
25,31.477259,32.397647,32.581724,32.029492,32.121531
26,33.502112,34.238422,34.790655,34.054345,34.146383
27,35.526965,36.63143,36.815508,35.89512,36.217256
28,37.551818,38.472206,39.392593,38.104051,38.380167
29,39.576671,40.865214,40.865214,39.944826,40.312981
30,41.785601,42.890067,43.442299,41.969679,42.521912
31,43.626377,44.91492,45.467152,43.994532,44.500745
32,45.835307,47.12385,47.492005,46.019385,46.617637
33,47.86016,49.33278,49.885013,48.228315,48.826567
34,49.700936,51.541711,52.093944,50.253168,50.89744
35,51.725788,53.566564,53.934719,52.278021,52.876273
36,54.118796,55.775494,55.959572,54.855107,55.177242
37,55.959572,57.432192,58.35258,56.695882,57.110056
38,57.984425,60.009278,60.193355,58.720735,59.226948
39,60.193355,61.850053,62.586363,60.929665,61.389859
40,62.034131,63.874906,64.427139,63.506751,63.460732
41,64.427139,66.267914,66.636069,65.347526,65.669662
42,66.267914,68.292767,68.845,67.372379,67.694515
43,67.924612,70.133542,70.501697,69.397232,69.489271
44,70.31762,72.158395,73.262861,71.238008,71.744221
45,72.342473,73.999171,74.735481,72.710628,73.446938
46,74.367326,76.208101,76.944411,75.103636,75.655869
47,76.208101,78.417032,79.153342,77.496644,77.81878
48,78.048877,79.889652,80.994117,79.521497,79.613536
49,80.073729,81.914505,82.834893,81.54635,81.592369
50,82.098582,84.123435,85.411978,83.387125,83.75528
51,83.939358,85.964211,87.068676,85.043823,85.504017
52,85.411978,87.989064,88.541296,86.516443,87.114695
53,87.252754,89.829839,91.118382,88.173141,89.093529
54,89.461684,91.486537,92.406925,90.566149,90.980324
55,91.854692,93.51139,94.98401,92.406925,93.189254
56,92.959157,95.536243,96.272553,94.063622,94.707894
57,94.98401,97.377018,98.297406,95.72032,96.594689
58,96.640708,99.217794,100.322259,98.297406,98.619542
59,99.033716,100.874491,102.531189,99.401871,100.460317
60,100.322259,102.899344,104.187887,101.978957,102.347112
61,101.978957,104.924197,105.844585,103.267499,104.00381
62,104.187887,106.396818,106.94905,104.74012,105.568469
63,105.660507,108.053515,109.894291,106.764973,107.593322
64,107.501283,110.262446,110.998756,108.421671,109.296039
65,109.710213,112.103221,113.391764,109.526136,111.182834
66,110.814679,113.759919,114.864384,112.471376,112.97759
67,112.839531,115.600695,116.337005,113.943997,114.680307
68,114.864384,116.889237,118.730013,115.600695,116.521082
69,114.680307,118.545935,120.018555,115.96885,117.303412
70,115.784772,120.018555,121.675253,118.91409,119.098168
-1,0.0,0.0,0.0,0.0,0.0
-2,0.0,0.0,0.0,0.0,0.0
-3,0.0,0.0,0.0,0.0,0.0
-4,0.0,0.0,0.0,0.0,0.0
-5,0.0,0.0,0.0,0.0,0.0
-6,0.0,0.0,0.0,0.0,0.0
-7,0.0,0.0,0.0,0.0,0.0
-8,0.0,0.0,0.0,0.0,0.0
-9,-1.104465,-1.288543,-1.47262,-0.184078,-1.012426
-10,-2.761163,-2.945241,-3.497473,-3.129318,-3.083299
-11,-4.601938,-5.154171,-5.338249,-4.601938,-4.924074
-12,-6.626791,-6.810869,-7.363102,-6.994946,-6.948927
-13,-8.467567,-8.835722,-9.387954,-8.467567,-8.789702
-14,-10.124265,-10.49242,-11.044652,-10.676497,-10.584458
-15,-12.333195,-12.517273,-13.253583,-12.333195,-12.609311
-16,-13.989893,-14.173971,-14.726203,-13.989893,-14.21999
-17,-15.830668,-16.198823,-16.566979,-16.198823,-16.198823
-18,-17.671444,-17.855521,-18.407754,-17.855521,-17.94756
-19,-19.696297,-20.248529,-20.800762,-19.880374,-20.156491
-20,-21.537072,-21.905227,-22.273382,-21.72115,-21.859208
-21,-23.746003,-23.93008,-24.482313,-23.746003,-23.976099
-22,-25.586778,-26.139011,-26.507166,-25.954933,-26.046972
-23,-27.427553,-28.347941,-28.532019,-27.979786,-28.071825
-24,-29.452406,-30.004639,-30.925027,-29.636484,-30.004639
-25,-31.661337,-32.029492,-33.133957,-32.029492,-32.213569
-26,-33.502112,-34.054345,-34.790655,-33.870267,-34.054345
-27,-35.342887,-36.447353,-36.999585,-36.263275,-36.263275
-28,-37.36774,-38.104051,-39.024438,-38.104051,-38.15007
-29,-39.576671,-40.497059,-41.049291,-40.128904,-40.312981
-30,-41.601524,-42.705989,-43.074144,-41.969679,-42.337834
-31,-43.626377,-44.546764,-45.283075,-44.362687,-44.454726
-32,-45.835307,-46.755695,-47.492005,-46.755695,-46.709676
-33,-47.676083,-48.780548,-49.516858,-48.412393,-48.59647
-34,-49.885013,-50.805401,-51.909866,-50.805401,-50.85142
-35,-51.725788,-52.830254,-53.934719,-52.830254,-52.830254
-36,-53.934719,-54.855107,-56.143649,-55.039184,-54.993165
-37,-56.143649,-56.87996,-57.984425,-57.064037,-57.018018
-38,-57.984425,-59.272968,-60.193355,-58.536657,-58.996851
-39,-60.009278,-61.297821,-62.218208,-60.745588,-61.067724
-40,-62.034131,-63.138596,-64.611216,-63.138596,-63.230635
-41,-64.243061,-65.347526,-66.267914,-65.163449,-65.255488
-42,-66.267914,-67.556457,-68.845,-67.372379,-67.510437
-43,-68.292767,-69.58131,-71.05393,-69.397232,-69.58131
-44,-70.501697,-71.79024,-72.52655,-71.606163,-71.606163
-45,-72.342473,-73.262861,-74.551403,-72.894705,-73.262861
-46,-74.367326,-75.655869,-77.128489,-75.103636,-75.56383
-47,-76.024024,-77.312566,-78.969264,-77.128489,-77.358586
-48,-78.232954,-79.705574,-81.178195,-79.705574,-79.705574
-49,-80.257807,-81.362272,-82.650815,-80.994117,-81.316253
-50,-82.28266,-83.387125,-85.043823,-82.650815,-83.341106
-51,-83.75528,-85.043823,-86.884598,-85.043823,-85.181881
-52,-85.780133,-87.068676,-88.173141,-87.436831,-87.114695
-53,-87.620909,-89.093529,-90.197994,-88.909451,-88.955471
-54,-90.013917,-90.934304,-92.406925,-90.566149,-90.980324
-55,-91.486537,-92.591002,-94.431778,-92.591002,-92.77508
-56,-93.327312,-94.431778,-96.45663,-93.879545,-94.523816
-57,-94.98401,-96.640708,-98.297406,-95.904398,-96.45663
-58,-96.640708,-98.297406,-99.401871,-98.297406,-98.159348
-59,-99.033716,-100.322259,-101.794879,-99.401871,-100.138181
-60,-100.506336,-101.426724,-103.635654,-101.794879,-101.840898
-61,-102.347112,-104.00381,-105.292352,-103.451577,-103.773713
-62,-103.451577,-105.660507,-107.869438,-105.108275,-105.522449
-63,-106.21274,-107.317205,-109.157981,-106.94905,-107.409244
-64,-107.68536,-108.421671,-110.998756,-108.973903,-109.019923
-65,-108.237593,-110.446523,-112.655454,-109.526136,-110.216427
-66,-109.710213,-111.919144,-114.680307,-112.287299,-112.149241
-67,-112.287299,-113.759919,-116.70516,-114.496229,-114.312152
-68,-113.575842,-115.600695,-117.993703,-116.152927,-115.830791
-69,-116.152927,-117.993703,-119.834478,-116.889237,-117.717586
-70,-115.232539,-119.098168,-121.859331,-119.098168,-118.822051
1,0.0,0.0,0.0,0.0,0.0
2,0.0,0.0,0.0,0.0,0.0
3,0.0,0.0,0.0,0.0,0.0
4,0.0,0.0,0.0,0.0,0.0
5,0.0,0.0,0.0,0.0,0.0
6,0.0,0.0,0.0,0.0,0.0
7,0.0,0.0,0.0,0.0,0.0
8,0.0,0.0,0.0,0.0,0.0
9,0.920388,1.47262,1.47262,0.184078,1.012426
10,2.945241,3.313396,3.313396,2.945241,3.129318
11,4.601938,4.970094,5.338249,4.786016,4.924074
12,6.626791,7.179024,7.363102,6.810869,6.994946
13,8.467567,8.835722,9.203877,8.835722,8.835722
14,10.308342,10.676497,10.860575,10.676497,10.630478
15,12.149118,12.70135,13.069505,12.70135,12.655331
16,13.989893,14.173971,14.726203,14.173971,14.266009
17,15.830668,16.198823,16.751056,16.014746,16.198823
18,17.671444,18.039599,18.407754,18.039599,18.039599
19,19.696297,20.064452,20.800762,19.880374,20.110471
20,21.537072,22.273382,22.641537,21.905227,22.089305
21,23.377847,24.114158,24.66639,23.93008,24.022119
22,25.4027,26.323088,26.507166,25.586778,25.954933
23,27.611631,28.347941,28.716096,27.427553,28.025805
24,29.268329,30.372794,30.740949,29.636484,30.004639
25,31.661337,32.397647,32.765802,31.477259,32.075511
26,33.502112,34.238422,34.4225,33.68619,33.962306
27,35.342887,36.447353,36.815508,35.89512,36.125217
28,37.36774,38.288128,39.208516,37.551818,38.104051
29,39.392593,40.865214,41.049291,40.128904,40.359
30,41.601524,42.890067,43.258222,42.521912,42.567931
31,43.626377,44.730842,45.283075,44.362687,44.500745
32,45.65123,46.939772,47.12385,46.571617,46.571617
33,47.676083,49.33278,49.700936,48.412393,48.780548
34,49.700936,51.357633,52.093944,50.805401,50.989478
35,51.909866,53.566564,53.934719,52.646176,53.014331
36,53.934719,55.591417,56.143649,54.671029,55.085204
37,55.959572,57.61627,58.168502,56.87996,57.156076
38,57.984425,59.8252,60.193355,58.904812,59.226948
39,60.193355,61.850053,62.218208,60.929665,61.297821
40,62.218208,63.690829,64.611216,62.586363,63.276654
41,64.058984,65.899759,66.083837,64.611216,65.163449
42,65.899759,68.108689,68.845,66.636069,67.372379
43,68.292767,70.31762,70.869853,69.029077,69.627329
44,70.31762,71.79024,72.52655,70.685775,71.330046
45,72.158395,74.183248,74.551403,73.262861,73.538977
46,73.999171,76.024024,76.944411,75.287713,75.56383
47,76.024024,78.048877,78.417032,77.128489,77.404605
48,78.048877,80.257807,80.994117,78.969264,79.567516
49,80.257807,82.098582,82.650815,80.81004,81.454311
50,82.098582,83.939358,84.49159,83.203048,83.433145
51,83.75528,85.596056,86.884598,85.043823,85.319939
52,85.780133,87.620909,88.909451,86.516443,87.206734
53,87.620909,89.645762,91.118382,88.357219,89.185568
54,89.277606,91.854692,92.959157,90.382072,91.118382
55,91.670614,93.327312,94.615855,92.222847,92.959157
56,93.327312,95.352165,96.272553,93.51139,94.615855
57,95.352165,97.008863,98.113328,95.904398,96.594689
58,96.824786,99.217794,100.322259,97.745173,98.527503
59,98.481483,100.874491,101.610802,99.585949,100.138181
60,100.690414,102.531189,104.187887,101.610802,102.255073
61,101.978957,104.74012,105.47643,103.451577,103.911771
62,104.00381,106.21274,107.317205,104.924197,105.614488
63,104.556042,108.605748,109.526136,106.580895,107.317205
64,106.94905,110.078368,110.814679,108.237593,109.019923
65,109.710213,111.550989,112.655454,110.446523,111.090795
66,110.262446,113.391764,115.048462,111.550989,112.563415
67,112.287299,115.048462,116.521082,113.575842,114.358171
68,114.496229,117.257392,118.17778,115.232539,116.290985
69,113.207687,118.17778,120.018555,117.073315,117.119334
70,115.784772,119.834478,121.123021,118.91409,118.91409
-1,0.0,0.0,0.0,0.0,0.0
-2,0.0,0.0,0.0,0.0,0.0
-3,0.0,0.0,0.0,0.0,0.0
-4,0.0,0.0,0.0,0.0,0.0
-5,0.0,0.0,0.0,0.0,0.0
-6,0.0,0.0,0.0,0.0,0.0
-7,0.0,0.0,0.0,0.0,0.0
-8,0.0,0.0,0.0,0.0,0.0
-9,-0.920388,-1.288543,-1.656698,-1.104465,-1.242523
-10,-2.945241,-3.129318,-3.313396,-2.761163,-3.037279
-11,-4.786016,-4.970094,-5.154171,-4.786016,-4.924074
-12,-6.626791,-6.994946,-7.179024,-6.994946,-6.948927
-13,-8.283489,-8.835722,-9.203877,-8.835722,-8.789702
-14,-10.308342,-10.860575,-11.044652,-10.49242,-10.676497
-15,-12.517273,-12.70135,-13.069505,-12.517273,-12.70135
-16,-13.989893,-14.358048,-14.726203,-14.358048,-14.358048
-17,-15.646591,-16.014746,-16.566979,-16.014746,-16.060765
-18,-17.671444,-18.039599,-18.591831,-17.855521,-18.039599
-19,-19.696297,-20.248529,-20.432607,-19.696297,-20.018432
-20,-21.72115,-21.905227,-22.273382,-22.089305,-21.997266
-21,-23.561925,-24.114158,-24.482313,-23.93008,-24.022119
-22,-25.4027,-25.954933,-26.691243,-25.586778,-25.908914
-23,-27.243476,-28.163863,-28.347941,-27.611631,-27.841728
-24,-29.452406,-30.004639,-30.925027,-30.004639,-30.096678
-25,-31.477259,-32.029492,-32.949879,-31.661337,-32.029492
-26,-33.318035,-34.054345,-34.606577,-34.054345,-34.008325
-27,-35.526965,-36.263275,-36.999585,-35.89512,-36.171236
-28,-37.551818,-38.104051,-38.840361,-37.735896,-38.058031
-29,-39.576671,-40.497059,-41.417446,-40.312981,-40.451039
-30,-41.785601,-42.705989,-43.258222,-42.521912,-42.567931
-31,-43.258222,-44.362687,-45.467152,-43.994532,-44.270648
-32,-45.65123,-46.571617,-47.676083,-46.571617,-46.617637
-33,-47.676083,-48.780548,-49.148703,-48.044238,-48.412393
-34,-49.885013,-50.621323,-51.725788,-50.253168,-50.621323
-35,-51.909866,-52.646176,-53.934719,-52.278021,-52.692196
-36,-53.750641,-54.855107,-56.143649,-55.039184,-54.947145
-37,-56.143649,-56.87996,-58.168502,-57.248115,-57.110056
-38,-57.800347,-59.272968,-60.377433,-58.720735,-59.042871
-39,-59.8252,-61.481898,-62.218208,-60.929665,-61.113743
-40,-62.034131,-63.138596,-64.427139,-63.322673,-63.230635
-41,-64.243061,-64.979371,-66.636069,-65.347526,-65.301507
-42,-66.267914,-67.372379,-68.476845,-67.556457,-67.418399
-43,-67.924612,-69.213155,-70.501697,-69.213155,-69.213155
-44,-70.31762,-71.422085,-72.52655,-71.238008,-71.376066
-45,-72.342473,-73.262861,-75.103636,-72.710628,-73.354899
-46,-74.183248,-75.287713,-76.392179,-75.103636,-75.241694
-47,-76.024024,-77.496644,-78.601109,-77.128489,-77.312566
-48,-78.048877,-79.521497,-80.625962,-79.521497,-79.429458
-49,-80.257807,-81.178195,-82.650815,-80.81004,-81.224214
-50,-81.914505,-83.571203,-85.043823,-83.387125,-83.479164
-51,-83.75528,-84.859746,-87.068676,-85.043823,-85.181881
-52,-85.411978,-86.884598,-88.541296,-86.516443,-86.838579
-53,-87.620909,-89.093529,-90.566149,-88.541296,-88.955471
-54,-89.461684,-90.566149,-92.406925,-90.750227,-90.796246
-55,-91.670614,-92.959157,-94.799933,-92.406925,-92.959157
-56,-93.51139,-94.615855,-96.640708,-94.615855,-94.845952
-57,-95.352165,-96.272553,-97.929251,-96.088475,-96.410611
-58,-97.192941,-98.481483,-100.322259,-97.561096,-98.389445
-59,-98.849638,-100.322259,-101.978957,-99.585949,-100.184201
-60,-100.138181,-102.347112,-103.819732,-101.426724,-101.932937
-61,-102.347112,-103.451577,-106.028662,-104.00381,-103.95779
-62,-103.083422,-105.108275,-107.133128,-104.924197,-105.062255
-63,-104.74012,-106.94905,-109.342058,-106.396818,-106.857011
-64,-106.94905,-108.605748,-110.998756,-108.237593,-108.697787
-65,-108.973903,-110.630601,-113.023609,-110.814679,-110.860698
-66,-111.366911,-112.103221,-114.496229,-111.550989,-112.379338
-67,-112.471376,-114.312152,-116.152927,-113.759919,-114.174094
-68,-113.023609,-115.96885,-118.361858,-115.416617,-115.692733
-69,-115.600695,-117.44147,-119.466323,-117.257392,-117.44147
-70,-117.44147,-119.466323,-121.307098,-119.282245,-119.374284
1,0.0,0.0,0.0,0.0,0.0
2,0.0,0.0,0.0,0.0,0.0
3,0.0,0.0,0.0,0.0,0.0
4,0.0,0.0,0.0,0.0,0.0
5,0.0,0.0,0.0,0.0,0.0
6,0.0,0.0,0.0,0.0,0.0
7,0.0,0.0,0.0,0.0,0.0
8,0.0,0.0,0.0,0.0,0.0
9,0.73631,0.920388,1.47262,0.73631,0.966407
10,2.761163,3.129318,3.681551,2.761163,3.083299
11,4.786016,4.970094,5.338249,4.601938,4.924074
12,6.626791,6.994946,7.363102,6.810869,6.948927
13,8.467567,8.835722,9.019799,8.651644,8.743683
14,10.308342,10.860575,11.044652,10.676497,10.722517
15,12.333195,12.70135,12.885428,12.333195,12.563292
16,13.989893,14.173971,14.542126,13.989893,14.173971
17,15.646591,16.382901,16.751056,16.198823,16.244843
18,17.671444,18.223676,18.407754,17.855521,18.039599
19,19.696297,20.064452,20.432607,20.064452,20.064452
20,21.537072,22.45746,22.641537,21.72115,22.089305
21,23.377847,24.114158,24.482313,23.746003,23.93008
22,25.586778,25.954933,26.507166,25.770855,25.954933
23,27.427553,27.979786,28.532019,27.795708,27.933767
24,29.452406,30.372794,30.740949,29.820561,30.096678
25,31.477259,32.581724,32.949879,31.845414,32.213569
26,33.502112,34.606577,34.974732,33.68619,34.192403
27,35.342887,36.63143,37.183663,36.079198,36.309295
28,37.183663,38.840361,38.840361,38.104051,38.242109
29,39.576671,40.497059,41.417446,39.760748,40.312981
30,41.417446,42.705989,43.442299,41.969679,42.383853
31,43.626377,44.91492,45.467152,44.178609,44.546764
32,45.65123,46.939772,47.676083,46.203462,46.617637
33,47.676083,48.780548,49.33278,48.412393,48.550451
34,49.700936,51.173556,51.541711,50.069091,50.621323
35,51.909866,53.198409,53.566564,52.278021,52.738215
36,53.934719,55.223262,55.775494,54.486952,54.855107
37,55.775494,57.432192,58.168502,56.87996,57.064037
38,57.984425,59.457045,60.193355,58.536657,59.042871
39,60.009278,61.665976,62.218208,60.56151,61.113743
40,62.034131,64.058984,64.058984,63.322673,63.368693
41,63.874906,65.899759,66.636069,65.347526,65.439565
42,66.083837,67.740534,68.660922,67.372379,67.464418
43,68.292767,69.765387,70.31762,69.213155,69.397232
44,69.949465,71.79024,72.52655,70.869853,71.284027
45,71.974318,73.631016,74.919558,72.710628,73.30888
46,74.183248,75.655869,76.944411,75.287713,75.51781
47,76.024024,78.048877,78.969264,77.128489,77.542663
48,78.232954,79.521497,80.441885,78.785187,79.245381
49,80.073729,81.730427,82.466737,81.178195,81.362272
50,81.730427,83.75528,85.043823,82.650815,83.295086
51,83.939358,85.964211,86.884598,84.307513,85.27392
52,85.780133,87.804986,88.725374,86.516443,87.206734
53,87.804986,89.461684,90.382072,88.909451,89.139548
54,89.461684,91.486537,92.222847,90.197994,90.842266
55,91.302459,93.695467,94.2477,92.77508,93.005177
56,92.959157,95.352165,96.45663,94.431778,94.799933
57,95.168088,97.377018,97.929251,95.72032,96.548669
58,97.008863,98.665561,99.954104,97.377018,98.251386
59,98.297406,100.874491,101.610802,99.033716,99.954104
60,100.506336,103.083422,104.187887,101.058569,102.209054
61,101.978957,104.74012,105.47643,102.715267,103.727693
62,104.00381,106.764973,107.133128,105.292352,105.798566
63,105.844585,108.237593,108.973903,106.028662,107.271186
64,107.869438,109.710213,110.262446,108.789826,109.157981
65,108.789826,111.366911,113.023609,109.710213,110.72264
66,110.998756,113.207687,114.864384,111.919144,112.747493
67,111.919144,114.680307,116.521082,113.759919,114.220113
68,113.759919,117.073315,118.17778,115.232539,116.060888
69,116.152927,118.730013,120.202633,116.889237,117.993703
70,113.943997,120.386711,120.938943,118.730013,118.499916
-1,0.0,0.0,0.0,0.0,0.0
-2,0.0,0.0,0.0,0.0,0.0
-3,0.0,0.0,0.0,0.0,0.0
-4,0.0,0.0,0.0,0.0,0.0
-5,0.0,0.0,0.0,0.0,0.0
-6,0.0,0.0,0.0,0.0,0.0
-7,0.0,0.0,0.0,0.0,0.0
-8,0.0,0.0,0.0,0.0,0.0
-9,-0.920388,-0.920388,-1.47262,-0.552233,-0.966407
-10,-2.945241,-3.129318,-3.129318,-2.945241,-3.037279
-11,-4.601938,-5.154171,-5.154171,-4.786016,-4.924074
-12,-6.626791,-6.994946,-7.363102,-6.810869,-6.948927
-13,-8.283489,-8.651644,-9.203877,-8.651644,-8.697664
-14,-10.49242,-10.676497,-11.22873,-10.676497,-10.768536
-15,-12.333195,-12.70135,-13.069505,-12.333195,-12.609311
-16,-13.805815,-14.358048,-14.726203,-14.173971,-14.266009
-17,-15.646591,-16.198823,-16.566979,-16.014746,-16.106785
-18,-17.487366,-18.039599,-18.407754,-17.855521,-17.94756
-19,-19.696297,-20.064452,-20.616684,-20.064452,-20.110471
-20,-21.537072,-22.273382,-22.45746,-21.72115,-21.997266
-21,-23.377847,-23.93008,-24.482313,-23.561925,-23.838041
-22,-25.586778,-25.954933,-26.323088,-25.954933,-25.954933
-23,-27.427553,-27.795708,-28.532019,-27.795708,-27.887747
-24,-29.452406,-30.188716,-30.740949,-29.820561,-30.050658
-25,-31.477259,-32.213569,-32.949879,-31.845414,-32.121531
-26,-33.318035,-34.054345,-34.606577,-33.68619,-33.916287
-27,-35.526965,-36.079198,-36.815508,-36.079198,-36.125217
-28,-37.36774,-38.288128,-38.840361,-38.288128,-38.196089
-29,-39.392593,-40.312981,-41.049291,-39.760748,-40.128904
-30,-41.417446,-42.337834,-43.074144,-41.785601,-42.153756
-31,-43.442299,-44.730842,-45.467152,-44.362687,-44.500745
-32,-45.65123,-46.755695,-47.676083,-46.203462,-46.571617
-33,-47.492005,-48.780548,-49.33278,-48.780548,-48.59647
-34,-49.885013,-50.805401,-51.541711,-50.253168,-50.621323
-35,-51.909866,-53.014331,-54.118796,-52.646176,-52.922292
-36,-53.750641,-55.039184,-56.143649,-54.302874,-54.809087
-37,-55.775494,-57.248115,-58.168502,-56.511804,-56.925979
-38,-57.984425,-58.904812,-60.377433,-58.904812,-59.042871
-39,-59.8252,-61.113743,-62.402286,-61.113743,-61.113743
-40,-62.034131,-63.506751,-64.611216,-62.586363,-63.184615
-41,-64.058984,-65.347526,-66.451992,-64.795294,-65.163449
-42,-65.899759,-67.556457,-68.292767,-66.820147,-67.142282
-43,-68.292767,-69.58131,-70.685775,-68.845,-69.351213
-44,-70.31762,-71.238008,-72.342473,-70.869853,-71.191988
-45,-72.158395,-73.262861,-74.919558,-73.446938,-73.446938
-46,-74.183248,-75.471791,-76.576256,-75.287713,-75.379752
-47,-76.208101,-77.312566,-78.969264,-77.128489,-77.404605
-48,-78.232954,-79.153342,-80.441885,-78.785187,-79.153342
-49,-80.073729,-81.362272,-82.650815,-81.178195,-81.316253
-50,-81.730427,-83.203048,-84.859746,-83.01897,-83.203048
-51,-83.571203,-85.043823,-86.884598,-84.675668,-85.043823
-52,-85.780133,-87.252754,-88.357219,-87.068676,-87.114695
-53,-87.252754,-89.093529,-90.750227,-89.093529,-89.04751
-54,-89.093529,-90.750227,-92.591002,-90.197994,-90.658188
-55,-91.486537,-92.77508,-94.2477,-92.959157,-92.867118
-56,-93.327312,-94.2477,-95.904398,-94.063622,-94.385758
-57,-95.168088,-96.272553,-98.297406,-95.904398,-96.410611
-58,-97.008863,-98.481483,-99.954104,-98.297406,-98.435464
-59,-98.481483,-99.954104,-101.978957,-100.138181,-100.138181
-60,-100.506336,-101.794879,-103.451577,-101.426724,-101.794879
-61,-102.347112,-103.451577,-105.660507,-102.899344,-103.589635
-62,-103.635654,-104.924197,-107.317205,-104.74012,-105.154294
-63,-105.47643,-106.94905,-108.605748,-106.580895,-106.903031
-64,-106.764973,-108.605748,-110.998756,-108.053515,-108.605748
-65,-109.526136,-110.262446,-112.471376,-110.262446,-110.630601
-66,-110.446523,-112.471376,-113.943997,-112.655454,-112.379338
-67,-111.366911,-114.312152,-116.337005,-113.575842,-113.897977
-68,-114.128074,-115.96885,-117.625547,-115.600695,-115.830791
-69,-115.96885,-117.257392,-119.466323,-117.073315,-117.44147
-70,-117.625547,-118.91409,-121.491176,-119.098168,-119.282245
1,0.0,0.0,0.0,0.0,0.0
2,0.0,0.0,0.0,0.0,0.0
3,0.0,0.0,0.0,0.0,0.0
4,0.0,0.0,0.0,0.0,0.0
5,0.0,0.0,0.0,0.0,0.0
6,0.0,0.0,0.0,0.0,0.0
7,0.0,0.0,0.0,0.0,0.0
8,0.0,0.0,0.0,0.0,0.0
9,0.73631,1.288543,1.104465,0.368155,0.874368
10,2.761163,3.129318,3.497473,2.761163,3.037279
11,4.786016,5.154171,5.154171,4.786016,4.970094
12,6.626791,6.994946,7.363102,6.810869,6.948927
13,8.467567,8.651644,9.203877,8.651644,8.743683
14,10.308342,10.676497,11.22873,10.49242,10.676497
15,12.333195,12.885428,13.069505,12.517273,12.70135
16,13.989893,14.358048,14.726203,13.989893,14.266009
17,15.830668,16.198823,16.566979,16.198823,16.198823
18,17.671444,18.223676,18.407754,17.855521,18.039599
19,19.696297,20.248529,20.616684,19.880374,20.110471
20,21.537072,22.273382,22.641537,21.72115,22.043285
21,23.561925,24.114158,24.66639,23.561925,23.976099
22,25.586778,26.139011,26.507166,25.586778,25.954933
23,27.427553,28.163863,28.532019,27.795708,27.979786
24,29.452406,30.188716,30.740949,29.452406,29.958619
25,31.661337,32.213569,32.765802,31.661337,32.075511
26,33.318035,34.238422,34.606577,33.68619,33.962306
27,35.342887,36.447353,36.815508,36.079198,36.171236
28,37.36774,38.472206,38.656283,38.104051,38.15007
29,39.392593,40.497059,41.049291,39.760748,40.174923
30,41.417446,42.890067,43.074144,41.969679,42.337834
31,43.626377,44.546764,45.467152,44.178609,44.454726
32,45.65123,46.755695,47.676083,46.019385,46.525598
33,47.492005,49.33278,49.33278,48.228315,48.59647
34,49.700936,51.357633,51.541711,49.885013,50.621323
35,51.725788,53.198409,53.750641,52.093944,52.692196
36,53.566564,55.591417,55.775494,54.486952,54.855107
37,55.959572,57.61627,58.168502,56.87996,57.156076
38,57.800347,59.457045,60.009278,58.536657,58.950832
39,59.8252,61.481898,62.402286,60.377433,61.021704
40,61.850053,63.506751,64.243061,62.954518,63.138596
41,63.874906,65.347526,66.636069,64.979371,65.209468
42,66.083837,67.740534,68.292767,66.820147,67.234321
43,68.108689,69.765387,70.31762,68.660922,69.213155
44,69.949465,71.974318,72.342473,70.501697,71.191988
45,72.158395,73.815093,74.551403,73.078783,73.400919
46,73.999171,75.839946,76.760334,75.287713,75.471791
47,75.839946,77.680721,78.785187,76.760334,77.266547
48,77.864799,79.889652,80.625962,78.601109,79.245381
49,79.705574,81.914505,81.914505,80.441885,80.994117
50,81.914505,84.307513,84.675668,82.650815,83.387125
51,83.939358,86.148288,87.068676,85.043823,85.550036
52,85.596056,87.989064,88.725374,86.700521,87.252754
53,87.252754,89.829839,90.566149,88.173141,88.955471
54,89.645762,91.118382,92.591002,90.750227,91.026343
55,91.302459,93.51139,94.615855,92.222847,92.913138
56,93.143235,95.168088,95.904398,93.879545,94.523816
57,94.2477,97.192941,97.929251,95.904398,96.318572
58,96.824786,98.481483,100.138181,98.113328,98.389445
59,98.665561,100.874491,101.610802,99.954104,100.276239
60,100.506336,103.083422,103.635654,101.610802,102.209054
61,102.163034,104.924197,105.844585,102.531189,103.865751
62,103.451577,106.764973,107.317205,104.924197,105.614488
63,105.844585,108.237593,109.157981,106.764973,107.501283
64,106.21274,109.710213,110.262446,108.053515,108.559729
65,108.237593,110.998756,112.103221,110.446523,110.446523
66,107.133128,113.207687,113.759919,111.182834,111.320892
67,111.366911,114.680307,116.152927,113.575842,113.943997
68,114.312152,116.889237,117.257392,114.680307,115.784772
69,116.337005,118.545935,119.282245,117.44147,117.901664
70,117.809625,120.386711,121.123021,119.098168,119.604381
-1,0.0,0.0,0.0,0.0,0.0
-2,0.0,0.0,0.0,0.0,0.0
-3,0.0,0.0,0.0,0.0,0.0
-4,0.0,0.0,0.0,0.0,0.0
-5,0.0,0.0,0.0,0.0,0.0
-6,0.0,0.0,0.0,0.0,0.0
-7,0.0,0.0,0.0,0.0,0.0
-8,0.0,0.0,0.0,0.0,0.0
-9,-0.920388,-1.104465,-1.104465,-1.288543,-1.104465
-10,-2.761163,-3.313396,-3.497473,-3.129318,-3.175338
-11,-4.786016,-5.154171,-5.338249,-4.970094,-5.062132
-12,-6.442714,-6.994946,-7.363102,-6.810869,-6.902908
-13,-8.467567,-8.651644,-9.019799,-8.467567,-8.651644
-14,-10.49242,-10.676497,-11.044652,-10.308342,-10.630478
-15,-12.149118,-12.70135,-13.069505,-12.517273,-12.609311
-16,-13.805815,-14.358048,-14.726203,-13.989893,-14.21999
-17,-15.646591,-16.198823,-16.566979,-15.830668,-16.060765
-18,-17.487366,-18.039599,-18.407754,-17.855521,-17.94756
-19,-19.696297,-20.248529,-20.432607,-19.696297,-20.018432
-20,-21.537072,-21.905227,-22.273382,-21.72115,-21.859208
-21,-23.561925,-23.746003,-24.482313,-23.746003,-23.884061
-22,-25.218623,-25.954933,-26.323088,-25.770855,-25.816875
-23,-27.243476,-27.979786,-28.347941,-27.611631,-27.795708
-24,-29.268329,-29.820561,-30.925027,-29.820561,-29.958619
-25,-31.293182,-31.845414,-32.949879,-32.029492,-32.029492
-26,-33.318035,-33.870267,-34.790655,-34.054345,-34.008325
-27,-35.526965,-35.89512,-36.999585,-35.711043,-36.033178
-28,-37.551818,-37.919973,-38.656283,-37.919973,-38.012012
-29,-39.392593,-40.497059,-41.233369,-40.312981,-40.359
-30,-41.601524,-42.521912,-43.074144,-42.337834,-42.383853
-31,-43.442299,-44.362687,-45.467152,-43.994532,-44.316668
-32,-45.65123,-46.571617,-47.492005,-46.203462,-46.479579
-33,-47.492005,-48.59647,-49.33278,-48.044238,-48.366373
-34,-49.700936,-50.621323,-51.541711,-50.621323,-50.621323
-35,-51.909866,-52.462099,-53.934719,-52.093944,-52.600157
-36,-53.566564,-54.671029,-56.143649,-54.671029,-54.763068
-37,-55.959572,-56.87996,-58.35258,-57.064037,-57.064037
-38,-57.800347,-59.08889,-60.377433,-58.720735,-58.996851
-39,-60.009278,-61.113743,-62.402286,-60.56151,-61.021704
-40,-61.850053,-63.138596,-64.611216,-63.138596,-63.184615
-41,-64.058984,-65.163449,-66.636069,-65.347526,-65.301507
-42,-66.083837,-67.188302,-68.292767,-67.556457,-67.280341
-43,-68.108689,-69.029077,-70.501697,-69.213155,-69.213155
-44,-69.949465,-71.05393,-72.894705,-71.05393,-71.238008
-45,-72.342473,-73.446938,-74.919558,-72.52655,-73.30888
-46,-74.367326,-75.287713,-76.576256,-74.735481,-75.241694
-47,-76.208101,-77.128489,-78.969264,-77.128489,-77.358586
-48,-77.864799,-78.969264,-80.441885,-79.153342,-79.107322
-49,-80.073729,-81.178195,-82.650815,-80.994117,-81.224214
-50,-81.914505,-82.834893,-84.675668,-83.01897,-83.111009
-51,-83.939358,-85.043823,-87.068676,-85.043823,-85.27392
-52,-85.780133,-86.884598,-88.357219,-86.884598,-86.976637
-53,-87.804986,-88.725374,-90.934304,-88.357219,-88.955471
-54,-89.277606,-90.934304,-92.77508,-90.750227,-90.934304
-55,-91.302459,-92.406925,-94.799933,-92.222847,-92.683041
-56,-92.77508,-94.615855,-96.272553,-94.2477,-94.477797
-57,-94.799933,-96.45663,-98.113328,-96.45663,-96.45663
-58,-96.824786,-98.113328,-100.322259,-97.745173,-98.251386
-59,-98.481483,-99.770026,-101.426724,-99.585949,-99.816046
-60,-99.954104,-101.610802,-104.00381,-101.610802,-101.794879
-61,-102.347112,-103.635654,-105.292352,-103.635654,-103.727693
-62,-103.083422,-104.556042,-107.317205,-104.74012,-104.924197
-63,-106.028662,-107.133128,-109.526136,-106.21274,-107.225167
-64,-106.21274,-108.789826,-110.814679,-108.237593,-108.513709
-65,-108.421671,-110.262446,-112.839531,-110.078368,-110.400504
-66,-110.814679,-112.103221,-114.864384,-112.103221,-112.471376
-67,-112.287299,-113.943997,-116.70516,-113.943997,-114.220113
-68,-114.312152,-115.784772,-117.257392,-115.416617,-115.692733
-69,-115.784772,-117.44147,-119.834478,-116.70516,-117.44147
-70,-115.96885,-118.730013,-121.675253,-119.098168,-118.868071
1,0.0,0.0,0.0,0.0,0.0
2,0.0,0.0,0.0,0.0,0.0
3,0.0,0.0,0.0,0.0,0.0
4,0.0,0.0,0.0,0.0,0.0
5,0.0,0.0,0.0,0.0,0.0
6,0.0,0.0,0.0,0.0,0.0
7,0.0,0.0,0.0,0.0,0.0
8,0.0,0.0,0.0,0.0,0.0
9,0.552233,1.104465,1.656698,1.288543,1.150485
10,2.761163,3.129318,3.313396,2.945241,3.037279
11,4.786016,4.970094,5.338249,4.786016,4.970094
12,6.626791,6.994946,7.179024,6.994946,6.948927
13,8.467567,8.835722,9.203877,8.651644,8.789702
14,10.308342,10.49242,11.044652,10.676497,10.630478
15,12.333195,12.517273,13.069505,12.333195,12.563292
16,13.989893,14.173971,14.542126,13.989893,14.173971
17,15.646591,16.382901,16.566979,16.014746,16.152804
18,17.487366,18.223676,18.407754,17.855521,17.993579
19,19.512219,20.432607,20.616684,20.064452,20.156491
20,21.537072,22.089305,22.45746,21.72115,21.951247
21,23.377847,24.114158,24.66639,23.561925,23.93008
22,25.4027,25.954933,26.507166,25.770855,25.908914
23,27.243476,27.979786,28.347941,27.795708,27.841728
24,29.268329,30.188716,30.740949,29.452406,29.9126
25,31.293182,32.213569,32.765802,31.661337,31.983472
26,33.133957,34.4225,34.606577,33.68619,33.962306
27,35.526965,36.263275,36.63143,36.079198,36.125217
28,37.36774,38.288128,38.656283,37.919973,38.058031
29,39.208516,40.312981,40.865214,39.576671,39.990845
30,41.785601,42.705989,43.074144,41.969679,42.383853
31,43.442299,44.730842,45.467152,43.810454,44.362687
32,45.65123,46.755695,47.676083,46.019385,46.525598
33,47.676083,48.964625,49.33278,48.044238,48.504432
34,49.516858,51.357633,51.357633,50.069091,50.575304
35,51.541711,53.198409,53.566564,52.093944,52.600157
36,53.934719,55.591417,55.775494,54.671029,54.993165
37,55.959572,57.61627,58.168502,56.87996,57.156076
38,57.800347,59.641123,60.193355,58.35258,58.996851
39,59.8252,61.481898,62.218208,60.745588,61.067724
40,62.218208,63.690829,64.058984,62.586363,63.138596
41,63.874906,65.347526,66.636069,64.427139,65.07141
42,65.899759,67.740534,68.292767,66.451992,67.096263
43,67.924612,69.765387,70.31762,68.476845,69.121116
44,70.133542,71.79024,72.342473,70.869853,71.284027
45,71.79024,73.631016,74.367326,73.262861,73.262861
46,74.183248,75.471791,76.760334,74.183248,75.149655
47,75.839946,77.680721,78.601109,76.944411,77.266547
48,78.048877,79.521497,80.994117,79.153342,79.429458
49,80.073729,81.54635,82.28266,80.994117,81.224214
50,81.730427,83.571203,84.307513,83.01897,83.157028
51,83.75528,85.411978,86.884598,84.49159,85.135862
52,85.411978,87.252754,88.541296,86.332366,86.884598
53,87.620909,89.093529,90.750227,88.725374,89.04751
54,89.277606,91.670614,92.77508,89.461684,90.796246
55,91.118382,93.143235,94.2477,92.406925,92.72906
56,92.959157,95.168088,95.904398,93.879545,94.477797
57,94.799933,96.824786,98.113328,95.536243,96.318572
58,96.45663,99.217794,99.770026,97.008863,98.113328
59,98.113328,100.874491,101.610802,99.217794,99.954104
60,100.138181,102.531189,103.083422,101.242646,101.74886
61,101.978957,104.187887,105.292352,103.267499,103.681674
62,103.819732,106.21274,107.501283,104.00381,105.384391
63,105.47643,108.053515,109.157981,106.94905,107.409244
64,106.94905,109.710213,110.998756,107.869438,108.881864
65,107.501283,111.366911,112.471376,110.078368,110.354485
66,110.446523,113.023609,114.312152,111.735066,112.379338
67,110.998756,114.680307,115.96885,113.207687,113.7139
68,114.128074,116.889237,117.993703,114.680307,115.92283
69,112.655454,117.625547,119.466323,117.073315,116.70516
70,117.257392,120.018555,120.938943,118.91409,119.282245
-1,0.0,0.0,0.0,0.0,0.0
-2,0.0,0.0,0.0,0.0,0.0
-3,0.0,0.0,0.0,0.0,0.0
-4,0.0,0.0,0.0,0.0,0.0
-5,0.0,0.0,0.0,0.0,0.0
-6,0.0,0.0,0.0,0.0,0.0
-7,0.0,0.0,0.0,0.0,0.0
-8,0.0,0.0,0.0,0.0,0.0
-9,-0.920388,-1.104465,-1.288543,-1.104465,-1.104465
-10,-2.761163,-3.129318,-3.497473,-2.761163,-3.037279
-11,-4.786016,-4.970094,-5.154171,-4.786016,-4.924074
-12,-6.626791,-6.994946,-7.179024,-6.810869,-6.902908
-13,-8.283489,-8.835722,-9.203877,-8.651644,-8.743683
-14,-10.308342,-10.860575,-11.22873,-10.49242,-10.722517
-15,-12.149118,-12.70135,-13.069505,-12.333195,-12.563292
-16,-13.805815,-14.173971,-14.726203,-13.989893,-14.173971
-17,-16.014746,-16.198823,-16.382901,-15.830668,-16.106785
-18,-17.303289,-17.855521,-18.407754,-17.671444,-17.809502
-19,-19.512219,-20.064452,-20.616684,-19.880374,-20.018432
-20,-21.537072,-21.905227,-22.45746,-21.72115,-21.905227
-21,-23.377847,-23.93008,-24.66639,-23.561925,-23.884061
-22,-25.4027,-26.139011,-26.507166,-25.770855,-25.954933
-23,-27.427553,-27.979786,-28.347941,-27.611631,-27.841728
-24,-29.268329,-29.820561,-30.740949,-30.188716,-30.004639
-25,-31.109104,-32.029492,-32.949879,-31.845414,-31.983472
-26,-33.133957,-33.870267,-34.4225,-34.054345,-33.870267
-27,-35.526965,-36.079198,-36.999585,-35.711043,-36.079198
-28,-37.551818,-38.104051,-38.840361,-37.919973,-38.104051
-29,-39.392593,-40.128904,-41.233369,-40.312981,-40.266962
-30,-41.601524,-42.337834,-43.074144,-42.337834,-42.337834
-31,-43.442299,-44.362687,-45.467152,-43.810454,-44.270648
-32,-45.65123,-46.571617,-47.492005,-46.019385,-46.433559
-33,-47.676083,-48.412393,-49.33278,-48.228315,-48.412393
-34,-49.700936,-50.805401,-51.541711,-50.437246,-50.621323
-35,-51.725788,-52.646176,-53.750641,-52.093944,-52.554137
-36,-53.750641,-55.039184,-55.959572,-54.671029,-54.855107
-37,-55.959572,-57.248115,-58.168502,-57.064037,-57.110056
-38,-57.61627,-58.904812,-60.193355,-58.536657,-58.812774
-39,-60.193355,-60.929665,-62.218208,-60.56151,-60.975685
-40,-62.034131,-63.322673,-64.243061,-63.138596,-63.184615
-41,-64.243061,-65.347526,-66.636069,-65.163449,-65.347526
-42,-66.267914,-67.372379,-68.292767,-67.372379,-67.32636
-43,-67.924612,-69.397232,-70.31762,-69.029077,-69.167135
-44,-69.949465,-71.05393,-72.894705,-71.422085,-71.330046
-45,-72.158395,-73.078783,-74.551403,-72.710628,-73.124802
-46,-73.815093,-75.471791,-76.760334,-74.551403,-75.149655
-47,-75.839946,-77.312566,-78.785187,-76.760334,-77.174508
-48,-77.680721,-79.153342,-80.994117,-78.601109,-79.107322
-49,-79.889652,-80.994117,-83.203048,-81.178195,-81.316253
-50,-81.914505,-83.203048,-84.675668,-82.650815,-83.111009
-51,-83.939358,-84.675668,-86.332366,-84.859746,-84.951784
-52,-85.411978,-87.068676,-88.357219,-86.332366,-86.79256
-53,-87.620909,-88.909451,-90.013917,-88.725374,-88.817413
-54,-89.093529,-90.197994,-92.222847,-90.382072,-90.47411
-55,-90.934304,-92.406925,-93.879545,-92.591002,-92.452944
-56,-92.591002,-94.2477,-96.272553,-93.695467,-94.201681
-57,-94.799933,-95.904398,-98.113328,-96.088475,-96.226534
-58,-96.640708,-97.745173,-99.217794,-97.929251,-97.883231
-59,-98.665561,-99.585949,-101.978957,-99.585949,-99.954104
-60,-100.138181,-101.426724,-103.451577,-101.610802,-101.656821
-61,-102.347112,-103.451577,-105.844585,-103.635654,-103.819732
-62,-104.187887,-105.47643,-107.133128,-105.108275,-105.47643
-63,-105.660507,-106.94905,-109.157981,-106.580895,-107.087108
-64,-107.133128,-108.053515,-110.630601,-108.605748,-108.605748
-65,-108.973903,-110.630601,-112.839531,-110.262446,-110.67662
-66,-111.182834,-112.103221,-114.312152,-111.550989,-112.287299
-67,-111.735066,-113.759919,-116.337005,-113.391764,-113.805939
-68,-113.207687,-115.416617,-117.809625,-115.232539,-115.416617
-69,-116.152927,-117.257392,-119.834478,-117.625547,-117.717586
-70,-116.337005,-118.91409,-121.491176,-119.098168,-118.96011
1,0.0,0.0,0.0,0.0,0.0
2,0.0,0.0,0.0,0.0,0.0
3,0.0,0.0,0.0,0.0,0.0
4,0.0,0.0,0.0,0.0,0.0
5,0.0,0.0,0.0,0.0,0.0
6,0.0,0.0,0.0,0.0,0.0
7,0.0,0.0,0.0,0.0,0.0
8,0.0,0.0,0.0,0.0,0.0
9,1.104465,1.288543,0.920388,0.184078,0.874368
10,2.945241,3.129318,3.313396,3.129318,3.129318
11,4.786016,4.970094,5.338249,4.970094,5.016113
12,6.626791,6.994946,7.363102,6.626791,6.902908
13,8.467567,8.651644,9.019799,8.651644,8.697664
14,10.308342,10.860575,11.044652,10.49242,10.676497
15,11.96504,12.517273,13.069505,12.517273,12.517273
16,13.989893,14.358048,14.542126,14.173971,14.266009
17,15.646591,16.382901,16.382901,16.014746,16.106785
18,17.671444,18.223676,18.223676,17.855521,17.993579
19,19.696297,20.064452,20.616684,19.696297,20.018432
20,21.537072,22.273382,22.45746,21.905227,22.043285
21,23.377847,24.298235,24.850468,23.746003,24.068138
22,25.4027,25.954933,26.323088,25.4027,25.770855
23,27.427553,27.979786,28.532019,27.611631,27.887747
24,29.268329,30.372794,30.740949,29.452406,29.958619
25,31.293182,32.397647,32.765802,31.477259,31.983472
26,33.318035,34.4225,34.606577,33.502112,33.962306
27,35.15881,36.447353,36.63143,35.89512,36.033178
28,37.36774,38.472206,38.656283,38.104051,38.15007
29,39.392593,40.497059,41.049291,39.760748,40.174923
30,41.417446,42.521912,42.890067,41.601524,42.107737
31,43.626377,44.91492,45.467152,44.178609,44.546764
32,45.467152,46.939772,47.492005,46.203462,46.525598
33,47.307928,48.780548,49.148703,48.412393,48.412393
34,49.700936,50.805401,51.173556,50.069091,50.437246
35,51.909866,52.830254,53.566564,52.093944,52.600157
36,53.566564,55.223262,55.591417,54.302874,54.671029
37,55.959572,57.248115,57.800347,56.695882,56.925979
38,57.61627,59.641123,59.641123,58.35258,58.812774
39,60.009278,61.665976,61.665976,60.56151,60.975685
40,61.850053,63.322673,64.058984,62.770441,63.000538
41,63.874906,65.531604,66.083837,64.795294,65.07141
42,66.083837,67.740534,68.660922,66.820147,67.32636
43,67.740534,69.949465,70.685775,68.476845,69.213155
44,69.949465,71.974318,72.342473,70.31762,71.145969
45,71.974318,73.815093,74.367326,73.078783,73.30888
46,73.815093,75.655869,76.208101,75.103636,75.195675
47,75.655869,77.680721,78.417032,76.208101,76.990431
48,77.864799,79.337419,80.257807,78.601109,79.015284
49,79.889652,81.730427,82.650815,80.625962,81.224214
50,81.730427,83.75528,84.307513,83.01897,83.203048
51,83.571203,85.411978,86.332366,84.859746,85.043823
52,85.596056,87.436831,88.173141,86.148288,86.838579
53,87.620909,89.277606,90.013917,88.357219,88.817413
54,89.277606,91.302459,92.03877,90.013917,90.658188
55,91.118382,93.327312,94.431778,92.406925,92.821099
56,92.77508,94.98401,96.088475,93.879545,94.431778
57,94.799933,96.824786,97.561096,95.536243,96.180514
58,96.088475,99.033716,100.138181,97.192941,98.113328
59,98.113328,100.690414,101.426724,99.033716,99.816046
60,99.954104,102.347112,103.083422,101.242646,101.656821
61,101.610802,104.00381,105.108275,103.267499,103.497596
62,103.267499,105.844585,107.501283,104.371965,105.246333
63,105.292352,108.053515,108.973903,106.580895,107.225167
64,106.21274,109.710213,110.814679,107.68536,108.605748
65,108.053515,111.550989,112.655454,109.710213,110.492543
66,110.814679,113.023609,114.312152,110.814679,112.241279
67,112.655454,114.680307,115.784772,113.391764,114.128074
68,113.023609,116.337005,117.809625,114.864384,115.508656
69,113.943997,117.993703,119.834478,116.889237,117.165354
70,117.625547,120.202633,120.938943,118.730013,119.374284
-1,0.0,0.0,0.0,0.0,0.0
-2,0.0,0.0,0.0,0.0,0.0
-3,0.0,0.0,0.0,0.0,0.0
-4,0.0,0.0,0.0,0.0,0.0
-5,0.0,0.0,0.0,0.0,0.0
-6,0.0,0.0,0.0,0.0,0.0
-7,0.0,0.0,0.0,0.0,0.0
-8,0.0,0.0,0.0,0.0,0.0
-9,-0.920388,-1.104465,-1.47262,-0.368155,-0.966407
-10,-2.945241,-3.129318,-3.497473,-2.945241,-3.129318
-11,-4.786016,-5.154171,-5.338249,-4.786016,-5.016113
-12,-6.626791,-6.810869,-7.179024,-6.810869,-6.856888
-13,-8.467567,-8.835722,-9.019799,-8.467567,-8.697664
-14,-10.308342,-10.676497,-10.860575,-10.676497,-10.630478
-15,-12.333195,-12.885428,-13.069505,-12.333195,-12.655331
-16,-13.989893,-14.173971,-14.358048,-13.805815,-14.081932
-17,-15.830668,-16.014746,-16.566979,-16.198823,-16.152804
-18,-17.671444,-17.855521,-18.407754,-17.855521,-17.94756
-19,-19.512219,-19.880374,-20.616684,-20.064452,-20.018432
-20,-21.537072,-21.905227,-22.45746,-21.72115,-21.905227
-21,-23.377847,-23.93008,-24.66639,-23.561925,-23.884061
-22,-25.586778,-25.954933,-26.507166,-25.954933,-26.000952
-23,-27.243476,-28.163863,-28.716096,-27.979786,-28.025805
-24,-29.452406,-30.004639,-30.556871,-29.820561,-29.958619
-25,-31.293182,-32.213569,-32.581724,-32.029492,-32.029492
-26,-33.318035,-34.054345,-34.4225,-34.054345,-33.962306
-27,-35.15881,-36.263275,-36.63143,-36.079198,-36.033178
-28,-37.36774,-38.104051,-38.840361,-38.104051,-38.104051
-29,-39.392593,-40.128904,-41.049291,-39.944826,-40.128904
-30,-41.417446,-42.153756,-43.074144,-41.969679,-42.153756
-31,-43.442299,-44.362687,-45.283075,-43.994532,-44.270648
-32,-45.467152,-46.755695,-47.492005,-46.019385,-46.433559
-33,-47.492005,-48.412393,-49.33278,-48.228315,-48.366373
-34,-49.700936,-50.989478,-51.357633,-50.253168,-50.575304
-35,-51.725788,-52.646176,-53.750641,-52.278021,-52.600157
-36,-53.566564,-54.855107,-55.959572,-54.486952,-54.717048
-37,-55.775494,-57.064037,-58.168502,-56.695882,-56.925979
-38,-57.61627,-58.904812,-60.193355,-58.720735,-58.858793
-39,-60.009278,-61.113743,-62.218208,-60.377433,-60.929665
-40,-61.850053,-63.138596,-64.058984,-63.138596,-63.046557
-41,-63.874906,-65.163449,-66.451992,-65.163449,-65.163449
-42,-66.083837,-67.372379,-68.476845,-67.188302,-67.280341
-43,-67.924612,-69.029077,-70.31762,-68.845,-69.029077
-44,-69.949465,-71.422085,-72.52655,-71.238008,-71.284027
-45,-71.974318,-73.078783,-74.183248,-72.710628,-72.986744
-46,-73.815093,-74.919558,-76.760334,-74.735481,-75.057617
-47,-75.471791,-77.312566,-78.232954,-76.760334,-76.944411
-48,-77.128489,-79.153342,-80.625962,-78.601109,-78.877225
-49,-79.705574,-80.994117,-82.28266,-81.362272,-81.086156
-50,-81.730427,-83.01897,-84.307513,-82.466737,-82.880912
-51,-83.75528,-85.043823,-86.700521,-84.675668,-85.043823
-52,-85.043823,-86.700521,-87.989064,-87.252754,-86.74654
-53,-87.252754,-88.357219,-90.013917,-88.909451,-88.633335
-54,-89.093529,-89.829839,-91.670614,-90.382072,-90.244014
-55,-91.118382,-92.03877,-93.879545,-92.591002,-92.406925
-56,-93.143235,-94.2477,-95.72032,-93.51139,-94.155661
-57,-94.799933,-96.272553,-98.113328,-95.536243,-96.180514
-58,-96.824786,-97.929251,-99.585949,-97.561096,-97.97527
-59,-98.113328,-99.770026,-101.426724,-99.401871,-99.677987
-60,-99.770026,-101.610802,-103.267499,-101.058569,-101.426724
-61,-101.794879,-103.267499,-104.924197,-102.899344,-103.22148
-62,-103.083422,-104.924197,-106.94905,-105.47643,-105.108275
-63,-105.660507,-106.580895,-108.973903,-106.94905,-107.041089
-64,-106.764973,-108.421671,-110.446523,-108.973903,-108.651767
-65,-107.869438,-110.078368,-112.287299,-110.446523,-110.170407
-66,-110.814679,-112.287299,-113.943997,-111.735066,-112.19526
-67,-111.550989,-113.391764,-115.96885,-114.128074,-113.759919
-68,-113.023609,-115.416617,-117.44147,-115.048462,-115.232539
-69,-115.416617,-116.889237,-119.6504,-117.257392,-117.303412
-70,-116.152927,-119.098168,-121.307098,-118.545935,-118.776032
1,0.0,0.0,0.0,0.0,0.0
2,0.0,0.0,0.0,0.0,0.0
3,0.0,0.0,0.0,0.0,0.0
4,0.0,0.0,0.0,0.0,0.0
5,0.0,0.0,0.0,0.0,0.0
6,0.0,0.0,0.0,0.0,0.0
7,0.0,0.0,0.0,0.0,0.0
8,0.0,0.0,0.0,0.0,0.0
9,0.920388,1.104465,1.288543,1.104465,1.104465
10,2.761163,3.129318,3.497473,2.945241,3.083299
11,4.601938,5.154171,5.154171,4.786016,4.924074
12,6.442714,6.994946,7.363102,6.626791,6.856888
13,8.467567,8.835722,9.019799,8.283489,8.651644
14,10.308342,10.860575,11.044652,10.49242,10.676497
15,12.333195,12.885428,13.069505,12.149118,12.609311
16,13.805815,14.173971,14.726203,13.989893,14.173971
17,15.646591,16.198823,16.382901,15.830668,16.014746
18,17.487366,18.039599,18.407754,17.671444,17.901541
19,19.696297,20.248529,20.432607,19.696297,20.018432
20,21.537072,22.273382,22.45746,21.537072,21.951247
21,23.377847,23.93008,24.298235,23.746003,23.838041
22,25.4027,26.139011,26.507166,25.770855,25.954933
23,27.427553,27.979786,28.347941,27.427553,27.795708
24,29.268329,30.372794,30.740949,29.820561,30.050658
25,31.477259,32.213569,32.581724,31.661337,31.983472
26,33.318035,34.238422,34.790655,33.68619,34.008325
27,35.15881,36.63143,36.999585,35.526965,36.079198
28,37.183663,38.472206,39.024438,37.551818,38.058031
29,39.392593,40.312981,41.049291,39.944826,40.174923
30,41.417446,42.521912,43.442299,42.153756,42.383853
31,43.258222,44.91492,45.098997,43.994532,44.316668
32,45.467152,46.939772,47.12385,46.38754,46.479579
33,47.492005,48.59647,49.700936,48.044238,48.458412
34,49.516858,51.173556,51.725788,49.885013,50.575304
35,51.725788,53.014331,53.382486,52.278021,52.600157
36,53.566564,55.223262,55.775494,53.934719,54.62501
37,55.959572,57.248115,57.61627,56.327727,56.787921
38,57.61627,59.457045,59.8252,58.720735,58.904812
39,59.8252,61.665976,61.850053,60.193355,60.883646
40,61.850053,63.506751,64.427139,62.954518,63.184615
41,63.874906,65.531604,66.451992,64.243061,65.025391
42,66.083837,67.740534,68.292767,67.004224,67.280341
43,67.740534,69.765387,70.501697,68.476845,69.121116
44,69.949465,71.79024,72.710628,70.501697,71.238008
45,71.606163,73.631016,74.735481,72.894705,73.216841
46,73.815093,75.655869,76.760334,74.735481,75.241694
47,75.655869,77.680721,78.785187,76.576256,77.174508
48,77.864799,79.889652,80.81004,78.969264,79.383439
49,79.889652,81.730427,82.466737,80.257807,81.086156
50,81.54635,83.571203,84.675668,83.01897,83.203048
51,83.75528,85.596056,86.884598,84.675668,85.227901
52,85.227901,87.252754,88.541296,85.964211,86.74654
53,87.436831,89.093529,90.382072,88.541296,88.863432
54,89.277606,91.486537,92.406925,89.277606,90.612169
55,91.118382,93.327312,94.431778,92.03877,92.72906
56,92.406925,94.98401,95.72032,94.2477,94.339739
57,94.615855,96.640708,98.113328,95.536243,96.226534
58,96.272553,98.849638,99.770026,97.561096,98.113328
59,98.481483,100.690414,101.058569,99.217794,99.862065
60,100.138181,102.347112,103.083422,101.242646,101.70284
61,101.978957,104.187887,105.292352,102.347112,103.451577
62,103.635654,105.844585,107.501283,104.556042,105.384391
63,104.924197,107.869438,108.973903,106.396818,107.041089
64,107.501283,109.526136,110.814679,107.869438,108.927884
65,108.053515,111.550989,111.735066,109.526136,110.216427
66,110.446523,112.471376,114.496229,111.366911,112.19526
67,111.366911,114.496229,115.96885,113.759919,113.897977
68,112.287299,116.70516,117.993703,114.864384,115.462636
69,115.96885,117.993703,119.6504,115.96885,117.395451
70,115.784772,120.018555,120.570788,118.17778,118.637974
-1,0.0,0.0,0.0,0.0,0.0
-2,0.0,0.0,0.0,0.0,0.0
-3,0.0,0.0,0.0,0.0,0.0
-4,0.0,0.0,0.0,0.0,0.0
-5,0.0,0.0,0.0,0.0,0.0
-6,0.0,0.0,0.0,0.0,0.0
-7,0.0,0.0,0.0,0.0,0.0
-8,0.0,0.0,0.0,0.0,0.0
-9,-0.552233,-1.288543,-1.656698,-0.552233,-1.012426
-10,-2.761163,-3.497473,-3.497473,-2.945241,-3.175338
-11,-4.601938,-4.970094,-5.154171,-4.786016,-4.878055
-12,-6.442714,-6.994946,-6.994946,-6.626791,-6.76485
-13,-8.283489,-8.651644,-9.203877,-8.651644,-8.697664
-14,-10.124265,-10.860575,-10.860575,-10.308342,-10.538439
-15,-12.333195,-12.517273,-13.069505,-12.517273,-12.609311
-16,-13.805815,-13.989893,-14.726203,-13.989893,-14.127951
-17,-15.646591,-16.198823,-16.566979,-15.830668,-16.060765
-18,-17.671444,-17.855521,-18.407754,-17.671444,-17.901541
-19,-19.512219,-20.064452,-20.432607,-19.696297,-19.926394
-20,-21.72115,-22.089305,-22.273382,-21.905227,-21.997266
-21,-23.377847,-23.746003,-24.298235,-23.93008,-23.838041
-22,-25.4027,-25.954933,-26.323088,-25.4027,-25.770855
-23,-27.243476,-27.795708,-28.347941,-27.427553,-27.70367
-24,-29.084251,-29.636484,-30.740949,-29.820561,-29.820561
-25,-31.293182,-32.029492,-32.581724,-31.293182,-31.799395
-26,-33.318035,-33.68619,-34.790655,-33.68619,-33.870267
-27,-35.342887,-36.079198,-36.815508,-35.711043,-35.987159
-28,-37.183663,-37.735896,-38.656283,-37.551818,-37.781915
-29,-39.576671,-40.128904,-41.049291,-40.128904,-40.220942
-30,-41.601524,-42.521912,-43.074144,-41.969679,-42.291815
-31,-43.626377,-44.362687,-44.91492,-44.362687,-44.316668
-32,-45.467152,-46.571617,-47.12385,-46.203462,-46.34152
-33,-47.492005,-48.228315,-49.33278,-48.412393,-48.366373
-34,-49.516858,-50.621323,-51.725788,-50.437246,-50.575304
-35,-51.541711,-52.462099,-53.382486,-52.646176,-52.508118
-36,-53.566564,-55.039184,-55.775494,-54.118796,-54.62501
-37,-55.591417,-57.064037,-57.61627,-56.143649,-56.603843
-38,-57.984425,-58.904812,-59.641123,-58.904812,-58.858793
-39,-59.641123,-60.56151,-61.850053,-60.929665,-60.745588
-40,-62.034131,-63.322673,-64.243061,-62.586363,-63.046557
-41,-63.874906,-64.979371,-66.451992,-64.979371,-65.07141
-42,-65.899759,-67.004224,-68.292767,-66.820147,-67.004224
-43,-67.556457,-69.213155,-70.501697,-68.845,-69.029077
-44,-69.765387,-71.422085,-72.710628,-71.238008,-71.284027
-45,-71.974318,-72.894705,-74.735481,-72.158395,-72.940725
-46,-73.999171,-75.103636,-76.208101,-74.919558,-75.057617
-47,-76.024024,-77.312566,-78.785187,-77.128489,-77.312566
-48,-77.864799,-79.153342,-80.441885,-79.153342,-79.153342
-49,-79.337419,-81.178195,-82.098582,-80.994117,-80.902078
-50,-81.730427,-83.01897,-84.675668,-82.650815,-83.01897
-51,-83.75528,-85.043823,-86.148288,-85.043823,-84.997804
-52,-85.411978,-86.516443,-88.725374,-86.884598,-86.884598
-53,-87.620909,-88.357219,-90.013917,-88.541296,-88.633335
-54,-89.461684,-90.197994,-92.03877,-90.382072,-90.52013
-55,-90.934304,-92.03877,-94.2477,-92.406925,-92.406925
-56,-93.143235,-94.063622,-95.904398,-94.431778,-94.385758
-57,-94.615855,-96.088475,-97.745173,-95.72032,-96.042456
-58,-96.45663,-97.929251,-99.954104,-97.561096,-97.97527
-59,-98.297406,-99.585949,-100.874491,-98.665561,-99.355852
-60,-100.138181,-101.794879,-103.635654,-101.058569,-101.656821
-61,-101.978957,-103.267499,-105.47643,-102.531189,-103.313519
-62,-104.00381,-104.74012,-107.317205,-105.292352,-105.338372
-63,-105.108275,-106.580895,-108.605748,-106.21274,-106.626915
-64,-106.580895,-108.053515,-110.998756,-108.053515,-108.421671
-65,-109.157981,-110.262446,-111.919144,-109.342058,-110.170407
-66,-110.814679,-111.919144,-113.943997,-111.366911,-112.011183
-67,-112.287299,-113.023609,-115.232539,-113.943997,-113.621861
-68,-112.839531,-115.232539,-117.073315,-115.232539,-115.094481
-69,-114.864384,-116.889237,-119.466323,-116.521082,-116.935257
-70,-116.337005,-119.098168,-120.938943,-117.809625,-118.545935
1,0.0,0.0,0.0,0.0,0.0
2,0.0,0.0,0.0,0.0,0.0
3,0.0,0.0,0.0,0.0,0.0
4,0.0,0.0,0.0,0.0,0.0
5,0.0,0.0,0.0,0.0,0.0
6,0.0,0.0,0.0,0.0,0.0
7,0.0,0.0,0.0,0.0,0.0
8,0.0,0.0,0.0,0.0,0.0
9,0.552233,1.288543,1.47262,0.184078,0.874368
10,2.761163,3.313396,3.497473,2.761163,3.083299
11,4.601938,5.154171,5.338249,4.601938,4.924074
12,6.626791,6.994946,7.179024,6.626791,6.856888
13,8.467567,8.835722,9.019799,8.651644,8.743683
14,10.308342,10.860575,11.044652,10.308342,10.630478
15,12.149118,12.517273,12.885428,12.517273,12.517273
16,13.621738,14.358048,14.542126,13.989893,14.127951
17,15.646591,16.198823,16.751056,15.830668,16.106785
18,17.671444,18.223676,18.591831,17.855521,18.085618
19,19.328142,20.064452,20.432607,19.696297,19.880374
20,21.352995,22.273382,22.45746,21.72115,21.951247
21,23.561925,24.114158,24.298235,23.561925,23.884061
22,25.218623,25.954933,26.875321,25.586778,25.908914
23,27.243476,27.979786,28.716096,27.795708,27.933767
24,29.084251,30.372794,30.372794,29.452406,29.820561
25,31.477259,32.213569,32.581724,31.845414,32.029492
26,33.318035,34.4225,34.606577,33.68619,34.008325
27,35.342887,36.447353,36.63143,35.711043,36.033178
28,37.183663,38.472206,38.656283,37.919973,38.058031
29,39.392593,40.128904,40.865214,39.576671,39.990845
30,41.233369,42.521912,42.890067,41.969679,42.153756
31,43.626377,44.730842,45.098997,43.810454,44.316668
32,45.467152,46.755695,47.676083,46.019385,46.479579
33,47.492005,48.964625,49.148703,47.676083,48.320354
34,49.700936,51.173556,51.357633,50.253168,50.621323
35,51.725788,53.014331,53.934719,52.093944,52.692196
36,53.566564,55.407339,55.959572,54.671029,54.901126
37,55.591417,57.432192,57.984425,56.511804,56.87996
38,57.800347,59.272968,60.009278,58.35258,58.858793
39,59.641123,61.481898,62.034131,60.745588,60.975685
40,61.665976,63.506751,63.874906,62.402286,62.86248
41,64.058984,65.715681,65.899759,64.979371,65.163449
42,65.899759,67.556457,68.476845,66.451992,67.096263
43,67.924612,69.397232,70.31762,68.845,69.121116
44,69.765387,71.422085,71.974318,71.05393,71.05393
45,71.79024,73.262861,74.183248,72.342473,72.894705
46,73.815093,75.655869,76.024024,74.551403,75.011597
47,75.839946,78.048877,78.232954,76.760334,77.220528
48,77.864799,79.521497,80.257807,78.417032,79.015284
49,79.705574,81.54635,82.834893,80.441885,81.132175
50,81.54635,83.939358,84.49159,82.650815,83.157028
51,83.387125,85.411978,85.780133,84.49159,84.767707
52,85.227901,87.436831,88.725374,86.148288,86.884598
53,87.252754,89.645762,89.829839,87.620909,88.587316
54,89.277606,91.302459,91.854692,89.645762,90.52013
55,91.118382,92.959157,94.431778,92.222847,92.683041
56,92.959157,94.799933,95.904398,94.2477,94.477797
57,94.615855,97.008863,97.561096,95.168088,96.088475
58,96.272553,98.665561,99.401871,97.192941,97.883231
59,98.481483,100.322259,101.242646,98.849638,99.724007
60,100.138181,102.347112,103.267499,101.242646,101.74886
61,101.794879,103.819732,105.47643,102.899344,103.497596
62,103.635654,105.660507,107.317205,104.556042,105.292352
63,105.292352,107.68536,109.157981,106.764973,107.225167
64,107.133128,109.710213,110.630601,107.501283,108.743806
65,108.973903,110.998756,111.550989,109.157981,110.170407
66,109.342058,112.839531,114.128074,111.550989,111.965163
67,111.735066,114.496229,115.784772,113.023609,113.759919
68,113.207687,116.70516,117.809625,114.312152,115.508656
69,115.232539,118.361858,118.91409,116.521082,117.257392
70,116.889237,120.018555,120.754866,118.361858,119.006129
-1,0.0,0.0,0.0,0.0,0.0
-2,0.0,0.0,0.0,0.0,0.0
-3,0.0,0.0,0.0,0.0,0.0
-4,0.0,0.0,0.0,0.0,0.0
-5,0.0,0.0,0.0,0.0,0.0
-6,0.0,0.0,0.0,0.0,0.0
-7,0.0,0.0,0.0,0.0,0.0
-8,0.0,0.0,0.0,0.0,0.0
-9,-1.104465,-0.73631,-1.288543,-1.288543,-1.104465
-10,-2.945241,-3.129318,-3.497473,-2.945241,-3.129318
-11,-4.601938,-4.786016,-5.338249,-4.786016,-4.878055
-12,-6.442714,-6.994946,-7.179024,-6.994946,-6.902908
-13,-8.467567,-8.651644,-9.019799,-8.651644,-8.697664
-14,-10.308342,-10.676497,-10.860575,-10.676497,-10.630478
-15,-12.149118,-12.517273,-12.885428,-12.333195,-12.471253
-16,-13.621738,-13.989893,-14.358048,-13.989893,-13.989893
-17,-15.646591,-16.014746,-16.935134,-16.014746,-16.152804
-18,-17.487366,-18.039599,-18.407754,-17.855521,-17.94756
-19,-19.328142,-20.064452,-20.616684,-20.064452,-20.018432
-20,-21.537072,-21.905227,-22.641537,-21.905227,-21.997266
-21,-23.561925,-23.93008,-24.298235,-23.746003,-23.884061
-22,-25.218623,-25.954933,-26.323088,-25.770855,-25.816875
-23,-27.427553,-27.979786,-28.347941,-27.795708,-27.887747
-24,-29.268329,-29.820561,-30.556871,-29.452406,-29.774542
-25,-31.293182,-32.029492,-32.581724,-31.845414,-31.937453
-26,-33.133957,-33.870267,-34.4225,-33.68619,-33.778228
-27,-35.342887,-36.079198,-36.63143,-35.89512,-35.987159
-28,-37.183663,-38.104051,-38.472206,-37.919973,-37.919973
-29,-39.392593,-40.128904,-40.865214,-39.760748,-40.036865
-30,-41.601524,-42.337834,-42.705989,-41.601524,-42.061718
-31,-43.626377,-44.546764,-45.283075,-43.994532,-44.362687
-32,-45.65123,-46.571617,-47.492005,-45.835307,-46.38754
-33,-47.307928,-48.59647,-49.148703,-48.044238,-48.274335
-34,-49.516858,-50.621323,-51.357633,-50.069091,-50.391226
-35,-51.357633,-52.646176,-53.566564,-52.093944,-52.416079
-36,-53.750641,-54.671029,-55.407339,-54.671029,-54.62501
-37,-55.591417,-56.87996,-57.984425,-56.695882,-56.787921
-38,-57.800347,-58.904812,-59.641123,-58.35258,-58.674716
-39,-59.8252,-60.929665,-62.034131,-60.377433,-60.791607
-40,-62.034131,-63.138596,-63.874906,-63.138596,-63.046557
-41,-63.874906,-64.979371,-65.899759,-64.427139,-64.795294
-42,-65.899759,-67.372379,-68.476845,-67.004224,-67.188302
-43,-67.924612,-69.029077,-70.31762,-68.660922,-68.983058
-44,-69.949465,-70.869853,-72.158395,-70.501697,-70.869853
-45,-71.974318,-72.894705,-73.999171,-72.894705,-72.940725
-46,-73.999171,-75.103636,-76.208101,-75.103636,-75.103636
-47,-76.024024,-76.944411,-78.417032,-76.208101,-76.898392
-48,-78.048877,-78.785187,-80.073729,-78.417032,-78.831206
-49,-79.705574,-80.994117,-82.650815,-80.441885,-80.948098
-50,-81.730427,-82.650815,-84.675668,-82.834893,-82.972951
-51,-83.571203,-84.49159,-86.332366,-84.859746,-84.813726
-52,-85.411978,-86.884598,-88.357219,-86.148288,-86.700521
-53,-87.252754,-88.541296,-90.013917,-88.173141,-88.495277
-54,-89.461684,-90.382072,-92.406925,-89.829839,-90.52013
-55,-90.934304,-92.591002,-93.879545,-91.854692,-92.314886
-56,-92.959157,-94.2477,-95.536243,-93.327312,-94.017603
-57,-94.2477,-95.72032,-97.377018,-96.272553,-95.904398
-58,-96.640708,-97.561096,-99.401871,-97.008863,-97.653134
-59,-98.481483,-99.585949,-101.242646,-99.770026,-99.770026
-60,-100.138181,-101.058569,-103.267499,-101.610802,-101.518763
-61,-101.794879,-102.899344,-105.47643,-102.715267,-103.22148
-62,-104.00381,-104.924197,-106.764973,-104.187887,-104.970217
-63,-105.292352,-106.396818,-108.973903,-106.396818,-106.764973
-64,-106.21274,-108.421671,-110.814679,-107.869438,-108.329632
-65,-108.605748,-109.894291,-112.287299,-110.262446,-110.262446
-66,-110.446523,-111.735066,-113.943997,-111.550989,-111.919144
-67,-112.103221,-113.759919,-115.784772,-113.759919,-113.851958
-68,-113.391764,-115.416617,-117.625547,-114.496229,-115.232539
-69,-115.600695,-116.521082,-119.6504,-117.073315,-117.211373
-70,-117.625547,-118.91409,-120.938943,-117.993703,-118.868071
1,0.0,0.0,0.0,0.0,0.0
2,0.0,0.0,0.0,0.0,0.0
3,0.0,0.0,0.0,0.0,0.0
4,0.0,0.0,0.0,0.0,0.0
5,0.0,0.0,0.0,0.0,0.0
6,0.0,0.0,0.0,0.0,0.0
7,0.0,0.0,0.0,0.0,0.0
8,0.0,0.0,0.0,0.0,0.0
9,0.73631,1.104465,1.47262,1.47262,1.196504
10,2.761163,3.129318,3.497473,2.945241,3.083299
11,4.786016,4.970094,5.154171,4.786016,4.924074
12,6.626791,6.810869,7.179024,6.810869,6.856888
13,8.467567,8.651644,9.019799,8.651644,8.697664
14,10.308342,10.676497,10.860575,10.49242,10.584458
15,12.333195,12.70135,12.885428,12.333195,12.563292
16,13.805815,14.173971,14.542126,13.989893,14.127951
17,15.462513,16.198823,16.751056,16.014746,16.106785
18,17.303289,18.223676,18.591831,17.671444,17.94756
19,19.144064,20.248529,20.616684,19.880374,19.972413
20,21.72115,22.089305,22.825615,21.537072,22.043285
21,23.377847,24.298235,24.482313,23.561925,23.93008
22,25.034545,25.770855,26.507166,25.770855,25.770855
23,27.243476,27.795708,28.347941,27.795708,27.795708
24,29.084251,30.188716,30.372794,29.452406,29.774542
25,31.477259,32.029492,32.765802,31.845414,32.029492
26,33.318035,34.238422,34.238422,33.68619,33.870267
27,35.342887,36.079198,36.63143,35.526965,35.89512
28,37.183663,38.288128,38.472206,37.551818,37.873954
29,39.392593,40.312981,40.865214,39.944826,40.128904
30,41.417446,42.521912,43.074144,41.969679,42.245795
31,43.442299,44.546764,45.467152,43.626377,44.270648
32,45.283075,46.571617,47.492005,46.203462,46.38754
33,47.492005,48.964625,48.964625,47.86016,48.320354
34,49.700936,50.805401,51.541711,50.253168,50.575304
35,51.541711,53.198409,53.198409,52.646176,52.646176
36,53.566564,55.039184,55.591417,53.934719,54.532971
37,55.591417,57.432192,57.61627,56.143649,56.695882
38,57.61627,59.08889,59.641123,58.720735,58.766754
39,59.8252,61.297821,61.665976,60.56151,60.837627
40,61.850053,63.690829,63.874906,62.770441,63.046557
41,63.874906,65.531604,66.267914,64.427139,65.025391
42,66.083837,67.372379,68.476845,67.004224,67.234321
43,67.924612,69.765387,70.133542,68.292767,69.029077
44,69.765387,71.422085,72.52655,70.501697,71.05393
45,71.974318,73.631016,74.551403,72.52655,73.170822
46,73.815093,75.839946,76.576256,74.919558,75.287713
47,75.655869,77.496644,78.601109,76.208101,76.990431
48,77.864799,79.521497,80.625962,78.785187,79.199361
49,79.705574,81.730427,82.28266,80.257807,80.994117
50,81.730427,83.203048,84.123435,82.098582,82.788873
51,83.571203,85.596056,86.516443,84.675668,85.089842
52,85.411978,87.436831,88.173141,86.884598,86.976637
53,87.436831,89.093529,90.382072,88.541296,88.863432
54,88.909451,91.118382,91.670614,90.382072,90.52013
55,90.750227,93.143235,93.879545,92.03877,92.452944
56,93.143235,94.98401,95.352165,93.327312,94.201681
57,94.615855,96.45663,97.929251,95.536243,96.134495
58,96.272553,98.113328,99.954104,96.824786,97.791193
59,98.481483,100.690414,101.610802,99.401871,100.046142
60,100.322259,101.794879,102.715267,100.690414,101.380705
61,101.610802,103.635654,104.924197,101.978957,103.037402
62,103.083422,105.844585,106.764973,104.74012,105.108275
63,105.47643,107.317205,108.421671,105.844585,106.764973
64,107.501283,109.157981,110.262446,108.421671,108.835845
65,108.973903,110.998756,112.471376,110.078368,110.630601
66,109.342058,113.023609,113.759919,111.182834,111.827105
67,111.550989,114.128074,116.337005,113.575842,113.897977
68,113.207687,115.96885,117.257392,114.864384,115.324578
69,114.312152,117.809625,118.545935,116.337005,116.751179
70,116.337005,119.6504,120.570788,118.17778,118.683993
-1,0.0,0.0,0.0,0.0,0.0
-2,0.0,0.0,0.0,0.0,0.0
-3,0.0,0.0,0.0,0.0,0.0
-4,0.0,0.0,0.0,0.0,0.0
-5,0.0,0.0,0.0,0.0,0.0
-6,0.0,0.0,0.0,0.0,0.0
-7,0.0,0.0,0.0,0.0,0.0
-8,0.0,0.0,0.0,0.0,0.0
-9,-0.73631,-1.288543,-1.47262,-0.920388,-1.104465
-10,-2.577086,-3.129318,-3.129318,-2.945241,-2.945241
-11,-4.601938,-4.970094,-5.154171,-4.786016,-4.878055
-12,-6.442714,-6.994946,-7.179024,-6.810869,-6.856888
-13,-8.283489,-8.651644,-9.019799,-8.467567,-8.605625
-14,-10.308342,-10.676497,-11.044652,-10.49242,-10.630478
-15,-12.149118,-12.517273,-12.885428,-12.149118,-12.425234
-16,-13.805815,-14.173971,-14.358048,-13.805815,-14.035912
-17,-15.646591,-16.198823,-16.566979,-16.014746,-16.106785
-18,-17.487366,-17.855521,-18.407754,-17.671444,-17.855521
-19,-19.512219,-20.064452,-20.432607,-19.696297,-19.926394
-20,-21.537072,-21.72115,-22.641537,-21.537072,-21.859208
-21,-23.377847,-23.93008,-24.66639,-23.377847,-23.838041
-22,-25.218623,-25.770855,-26.323088,-25.770855,-25.770855
-23,-27.059398,-27.979786,-28.163863,-27.611631,-27.70367
-24,-29.084251,-29.820561,-30.556871,-29.636484,-29.774542
-25,-31.477259,-32.213569,-32.765802,-31.661337,-32.029492
-26,-33.133957,-33.870267,-34.238422,-34.054345,-33.824248
-27,-35.342887,-36.263275,-36.63143,-35.711043,-35.987159
-28,-37.183663,-38.288128,-38.472206,-37.36774,-37.827934
-29,-39.208516,-40.128904,-41.049291,-40.128904,-40.128904
-30,-41.417446,-41.969679,-43.258222,-42.153756,-42.199776
-31,-43.442299,-44.546764,-45.098997,-43.810454,-44.224629
-32,-45.467152,-46.571617,-47.492005,-46.203462,-46.433559
-33,-47.492005,-48.412393,-49.33278,-48.044238,-48.320354
-34,-49.33278,-50.621323,-51.357633,-50.621323,-50.483265
-35,-51.541711,-52.646176,-53.382486,-52.278021,-52.462099
-36,-53.566564,-54.302874,-55.591417,-54.118796,-54.394913
-37,-55.591417,-56.695882,-57.984425,-56.511804,-56.695882
-38,-57.61627,-59.08889,-59.8252,-58.720735,-58.812774
-39,-59.8252,-60.929665,-61.850053,-60.929665,-60.883646
-40,-62.034131,-62.770441,-64.058984,-62.402286,-62.81646
-41,-63.874906,-64.979371,-66.083837,-64.979371,-64.979371
-42,-65.899759,-67.004224,-68.476845,-66.451992,-66.958205
-43,-67.740534,-69.213155,-70.133542,-69.029077,-69.029077
-44,-69.949465,-70.869853,-72.342473,-71.05393,-71.05393
-45,-71.79024,-73.078783,-74.367326,-72.894705,-73.032764
-46,-73.815093,-75.103636,-76.208101,-74.367326,-74.873539
-47,-76.024024,-76.760334,-78.601109,-77.128489,-77.128489
-48,-77.864799,-78.601109,-80.257807,-79.153342,-78.969264
-49,-79.521497,-80.625962,-82.466737,-81.178195,-80.948098
-50,-81.730427,-82.834893,-84.675668,-82.834893,-83.01897
-51,-83.387125,-85.043823,-86.516443,-84.307513,-84.813726
-52,-85.596056,-86.700521,-88.541296,-86.516443,-86.838579
-53,-87.620909,-88.725374,-89.829839,-88.173141,-88.587316
-54,-89.277606,-90.566149,-92.406925,-90.197994,-90.612169
-55,-90.934304,-92.222847,-93.879545,-92.406925,-92.360905
-56,-93.143235,-93.695467,-95.536243,-93.879545,-94.063622
-57,-94.615855,-95.72032,-97.561096,-95.352165,-95.812359
-58,-96.45663,-97.745173,-99.401871,-97.377018,-97.745173
-59,-98.481483,-99.401871,-101.242646,-98.849638,-99.49391
-60,-100.322259,-101.242646,-103.083422,-101.058569,-101.426724
-61,-101.978957,-103.267499,-105.292352,-102.899344,-103.359538
-62,-103.083422,-104.74012,-107.317205,-104.924197,-105.016236
-63,-105.108275,-106.580895,-109.157981,-106.21274,-106.764973
-64,-107.501283,-108.053515,-110.814679,-108.421671,-108.697787
-65,-107.68536,-109.526136,-111.366911,-110.262446,-109.710213
-66,-110.446523,-111.550989,-114.128074,-111.919144,-112.011183
-67,-110.998756,-113.207687,-115.784772,-113.391764,-113.345745
-68,-112.471376,-115.048462,-117.809625,-115.232539,-115.140501
-69,-115.048462,-116.70516,-119.466323,-116.521082,-116.935257
-70,-115.784772,-118.545935,-121.123021,-117.993703,-118.361858
